dataset,model,xai_method,n_xai_samples,accuracy,precision_macro,recall_macro,f1_macro,auc_macro_ovr,avg_batch_inference_time_sec,model_size_mb,explanation_runtime_sec,faithfulness_deletion_auc,faithfulness_insertion_auc,stability_cosine_sim,max_sensitivity,complexity_entropy,complexity_entropy_normalized
CIFAR10,simplecnn,gradcam,60,0.6392,0.7005916108638729,0.6392,0.6352630189469883,0.9526542111111109,0.0017196895977178701,1.4951553344726562,0.03025264342625936,0.14913610411408837,0.4078995055543723,0.9792336063252556,0.21987753982345262,10.18147546450297,0.9407004233963988
CIFAR10,simplecnn,shap,60,0.6392,0.7005916108638729,0.6392,0.6352630189469883,0.9526542111111109,0.0017196895977178701,1.4951553344726562,2.0485446214675904,0.2409407371973131,0.29291333938561376,0.9551886071761448,0.37304440687100093,10.493675422668456,0.9695456171853076
CIFAR10,simplecnn,lime,60,0.6392,0.7005916108638729,0.6392,0.6352630189469883,0.9526542111111109,0.0017196895977178701,1.4951553344726562,1.227010174592336,0.22123578380607534,0.33809989689650377,0.5557650191502438,0.95428230514129,10.109523375829061,0.9340525303168757
CIFAR10,resnet18,gradcam,60,0.9518,0.9523082418510798,0.9518000000000001,0.9517373765272072,0.9982590944444445,0.005072179312904041,42.654579162597656,0.018729579448699952,0.36881018509921054,0.7700717261338439,0.9974806620015039,0.060911972106744844,10.33731648127238,0.9550990939003563
CIFAR10,resnet18,shap,60,0.9518,0.9523082418510798,0.9518000000000001,0.9517373765272072,0.9982590944444445,0.005072179312904041,42.654579162597656,2.3655077974001566,0.4078505399450237,0.4635484821861082,0.9529014107253817,0.36274537245432537,10.509120877583822,0.9709726741996951
CIFAR10,resnet18,lime,60,0.9518,0.9523082418510798,0.9518000000000001,0.9517373765272072,0.9982590944444445,0.005072179312904041,42.654579162597656,1.2518516063690186,0.3956301769313693,0.5884269144960294,0.7238399290790162,0.7719867145021756,10.479988177617392,0.96828100703528
CIFAR10,efficientnet,gradcam,60,0.9653,0.9654042583165291,0.9653,0.965293743406342,0.9989785722222221,0.01522534419172488,15.336448669433594,0.05711675484975179,0.41707140926606245,0.8082625962710762,0.7134950536924105,0.6099784565468629,10.13829239209493,0.9367105955330967
CIFAR10,efficientnet,shap,60,0.9653,0.9654042583165291,0.9653,0.965293743406342,0.9989785722222221,0.01522534419172488,15.336448669433594,3.2345561583836875,0.5593528636754777,0.5663796976835642,0.8371036486493216,0.7999528353412946,10.443046633402506,0.9648678547465952
CIFAR10,efficientnet,lime,60,0.9653,0.9654042583165291,0.9653,0.965293743406342,0.9989785722222221,0.01522534419172488,15.336448669433594,1.2553371826807658,0.42355312029815045,0.7212902929978181,0.6981876028908622,0.7886843909819921,10.638396390279134,0.9829168693167243
