dataset,model,xai_method,n_xai_samples,accuracy,precision_macro,recall_macro,f1_macro,auc_macro_ovr,avg_batch_inference_time_sec,model_size_mb,explanation_runtime_sec,faithfulness_deletion_auc,faithfulness_insertion_auc,stability_cosine_sim,max_sensitivity,complexity_entropy,complexity_entropy_normalized,part_overlap_ratio,clutter_leakage_ratio
FUNNYBIRDS,resnet18,gradcam,15,0.966,0.9691363636363636,0.966,0.9660154932786511,0.9997877551020409,0.004060491919517517,42.73285675048828,0.0576257069905599,0.10541534738664879,0.7347020708227328,0.9100503431426152,0.4517912844816844,10.561642138163249,0.97582528836516,0.0778617023982096,0.07424022786806031
FUNNYBIRDS,resnet18,shap,15,0.966,0.9691363636363636,0.966,0.9660154932786511,0.9997877551020409,0.004060491919517517,42.73285675048828,7.553332201639811,0.05933450333440729,0.6240095034901575,0.8588716785113018,0.6686545848846436,10.40068759918213,0.9609541625155725,0.0906335037257445,0.2367488110678772
FUNNYBIRDS,resnet18,lime,15,0.966,0.9691363636363636,0.966,0.9660154932786511,0.9997877551020409,0.004060491919517517,42.73285675048828,0.7588849862416586,0.2760344812696302,0.4116732502486019,0.2612885848929485,1.8240677793820699,8.698288949330648,0.8036638821148504,0.02827496757457847,0.0628569975331248
FUNNYBIRDS,efficientnet,gradcam,15,0.972,0.9738585858585859,0.9719999999999999,0.9719044581149844,0.9998775510204082,0.009378686547279358,15.531913757324219,0.03564120928446452,0.17982659488613179,0.8827429491888593,0.5441838564972082,0.8472823739051819,10.000864919026693,0.9240132136504503,0.08082703898680094,0.05399659215177641
FUNNYBIRDS,efficientnet,shap,15,0.972,0.9738585858585859,0.9719999999999999,0.9719044581149844,0.9998775510204082,0.009378686547279358,15.531913757324219,8.574894237518311,0.3140495173250455,0.5501591846140989,0.7490532610151502,0.8643831094106038,10.529335594177246,0.9728403791825901,0.06277052974237683,0.1972279443554335
FUNNYBIRDS,efficientnet,lime,15,0.972,0.9738585858585859,0.9719999999999999,0.9719044581149844,0.9998775510204082,0.009378686547279358,15.531913757324219,0.7667562325795492,0.5181247574352812,0.4771066290881869,0.5104153078877264,1.3839403907457988,9.525517050425211,0.880094241119113,0.013514407059840796,0.06577655705602602
FUNNYBIRDS,simplecnn,gradcam,15,0.964,0.968952380952381,0.964,0.9638554139359091,0.9999142857142858,0.0013407915830612183,1.5343704223632812,0.005319976806640625,0.08348548008588194,0.8999155048039501,0.7857710229025946,0.8024426738421122,10.07393569946289,0.9307644663872355,0.09774929427023728,0.06827395030645202
FUNNYBIRDS,simplecnn,shap,15,0.964,0.968952380952381,0.964,0.9638554139359091,0.9999142857142858,0.0013407915830612183,1.5343704223632812,5.359966214497884,0.10033538555597057,0.8355530736071091,0.936180075009664,0.438966166973114,10.109347279866537,0.9340362602244827,0.10648762747641209,0.1649754584064495
FUNNYBIRDS,simplecnn,lime,15,0.964,0.968952380952381,0.964,0.9638554139359091,0.9999142857142858,0.0013407915830612183,1.5343704223632812,0.7620213508605957,0.379763963597361,0.46511700674401696,0.15763013350466887,2.309755969047546,8.082580947875977,0.7467765694973137,0.010193026626993208,0.04938836753897408
