dataset,model,xai_method,n_xai_samples,accuracy,precision_macro,recall_macro,f1_macro,auc_macro_ovr,avg_batch_inference_time_sec,model_size_mb,explanation_runtime_sec,faithfulness_deletion_auc,faithfulness_insertion_auc,paper_deletion_auc,stability_cosine_sim,max_sensitivity,complexity_entropy,complexity_entropy_normalized,part_overlap_ratio,clutter_leakage_ratio
FUNNYBIRDS,simplecnn,gradcam,60,0.964,0.968952380952381,0.964,0.9638554139359091,0.9999142857142858,0.2568969428539276,1.5343704223632812,0.054765844345092775,0.0679822269046371,0.8308575954072661,0.033476685405022175,0.8604646080070072,0.5919789229830106,9.256189727783203,0.8552101928959586,0.09765646855369904,0.0919572238752829
FUNNYBIRDS,simplecnn,shap,60,0.964,0.968952380952381,0.964,0.9638554139359091,0.9999142857142858,0.2568969428539276,1.5343704223632812,17.3508815129598,0.08105558481951576,0.7875256046451761,0.03441221077916234,0.9409075107839373,0.4164200166861216,10.08251067797343,0.9315567372072754,0.1078418656697439,0.1789946847740393
FUNNYBIRDS,simplecnn,lime,60,0.964,0.968952380952381,0.964,0.9638554139359091,0.9999142857142858,0.2568969428539276,1.5343704223632812,0.9689873218536377,0.2100476333253156,0.596948080884249,0.23223512175156993,0.4835860398598015,1.486991070707639,9.25351272424062,0.8549628556239965,0.03463925129065894,0.0671231657384095
FUNNYBIRDS,resnet18,gradcam,60,0.966,0.9691363636363636,0.966,0.9660154932786511,0.9997877551020409,0.3158852905035019,42.73285675048828,0.1064574122428894,0.12043818027089362,0.7805807432251722,0.10332972202061122,0.9277198582887649,0.3927946135401726,10.565564473470053,0.9761876859858859,0.07871239286895042,0.06122809694565245
FUNNYBIRDS,resnet18,shap,60,0.966,0.9691363636363636,0.966,0.9660154932786511,0.9997877551020409,0.3158852905035019,42.73285675048828,33.385364882151286,0.10760548713544636,0.6631968787339111,0.03126906403485803,0.8629656804932487,0.6412245591481527,10.39371992746989,0.9603103961231041,0.08628976882581825,0.2599883014165459
FUNNYBIRDS,resnet18,lime,60,0.966,0.9691363636363636,0.966,0.9660154932786511,0.9997877551020409,0.3158852905035019,42.73285675048828,1.22743425766627,0.3139060237029818,0.4465084977826433,0.2853405948822882,0.1685571332002938,2.022039794921875,8.377572027842204,0.7740317777222778,0.016614531675186287,0.07490145215025049
FUNNYBIRDS,efficientnet,gradcam,60,0.972,0.9738585858585859,0.9719999999999999,0.9719044581149844,0.9998734693877551,0.37691837549209595,15.531913757324219,0.18992708524068197,0.15558819210569377,0.8658309283625486,0.1367212772292623,0.5139702119938495,0.8570349807540576,10.08017562230428,0.931340993638057,0.08705526309096918,0.04887083237964447
FUNNYBIRDS,efficientnet,shap,60,0.972,0.9738585858585859,0.9719999999999999,0.9719044581149844,0.9998734693877551,0.37691837549209595,15.531913757324219,38.313705905278525,0.31274072141395376,0.6177249414171692,0.11791212191152196,0.7531683898634381,0.8613208134969076,10.525006596247355,0.9724404086478942,0.0592266219068691,0.20284199282825974
FUNNYBIRDS,efficientnet,lime,60,0.972,0.9738585858585859,0.9719999999999999,0.9719044581149844,0.9998734693877551,0.37691837549209595,15.531913757324219,1.2318177024523418,0.2547862906930658,0.7623545811966183,0.24058290598115542,0.41759426420928014,1.2746007551749547,9.987586243947346,0.9227863526406848,0.04974186821291422,0.06370133007807532
