"accuracy","auc_macro_ovr","avg_batch_inference_time_sec","clutter_leakage_ratio","complexity_entropy","complexity_entropy_normalized","dataset","explanation_runtime_sec","f1_macro","faithfulness_deletion_auc","faithfulness_insertion_auc","max_sensitivity","model","model_size_mb","n_xai_samples","paper_deletion_auc","part_overlap_ratio","precision_macro","recall_macro","stability_cosine_sim","xai_method"
"0.9653","0.9989785722222221","0.007614555450293203",,"10.13829239209493","0.9367105955330967","CIFAR10","0.03663978179295858","0.965293743406342","0.41707140926606245","0.8082625962710762","0.6102512406806151","efficientnet","15.336448669433594","60","0.3738869944028316",,"0.9654042583165291","0.9653","0.713007979415771","gradcam"
"0.9653","0.9989785722222221","0.007584290763440605",,"10.61376396814982","0.9806409978080112","CIFAR10","0.6701382517814636","0.965293743406342","0.4515708817074875","0.707842491819747","0.7857364803552628","efficientnet","15.336448669433594","60","0.45687342044600315",,"0.9654042583165291","0.9653","0.6990868853198158","lime"
"0.9653","0.9989785722222221","0.007443849271097884",,"10.442107105255127","0.9647810486123453","CIFAR10","1.6510624210039775","0.965293743406342","0.5528504821972884","0.5676329383702768","0.7841625029842059","efficientnet","15.336448669433594","60","0.2052008207467522",,"0.9654042583165291","0.9653","0.8374214082956313","shap"
"0.9518","0.9982590944444445","0.002920671012074041",,"10.33731648127238","0.9550990939003563","CIFAR10","0.021198693911234537","0.9517373765272072","0.36881018509921054","0.7700717261338439","0.06044713727508982","resnet18","42.654579162597656","60","0.2146853184095919",,"0.9523082418510798","0.9518000000000001","0.9973845352729162","gradcam"
"0.9518","0.9982590944444445","0.0025543663829279404",,"10.435678148269654","0.9641870558674512","CIFAR10","0.6677857875823975","0.9517373765272072","0.37525784617679847","0.5821671467927291","0.783569972217083","resnet18","42.654579162597656","60","0.3849701842289781",,"0.9523082418510798","0.9518000000000001","0.7074389006321629","lime"
"0.9518","0.9982590944444445","0.002495118985160852",,"10.508076763153076","0.9708762049904436","CIFAR10","1.2113473018010457","0.9517373765272072","0.4050991992244759","0.4654944901436942","0.36371230632066726","resnet18","42.654579162597656","60","0.3054818059188306",,"0.9523082418510798","0.9518000000000001","0.9526767681042354","shap"
"0.6392","0.9526542111111109","0.0010254086016085202",,"10.18147546450297","0.9407004233963988","CIFAR10","0.01924221913019816","0.6352630189469883","0.14913610411408837","0.4078995055543723","0.21874298714101315","simplecnn","1.4951553344726562","60","0.1415220273587883",,"0.7005916108638729","0.6392","0.9790563129716451","gradcam"
"0.6392","0.9526542111111109","0.0009297669505158934",,"10.027169974644979","0.9264436253372298","CIFAR10","0.6500534772872925","0.6352630189469883","0.22353222019599012","0.3394313345457016","0.9729863420128823","simplecnn","1.4951553344726562","60","0.21522765774336633",,"0.7005916108638729","0.6392","0.5412661983321112","lime"
"0.6392","0.9526542111111109","0.0010283298004930392",,"10.494067859649657","0.9695818757448513","CIFAR10","1.1127081950505575","0.6352630189469883","0.2420842945039285","0.29258146418480196","0.37506779929002126","simplecnn","1.4951553344726562","60","0.1554219828156567",,"0.7005916108638729","0.6392","0.9561105168528028","shap"
"0.972","0.9998775510204082","0.01058727502822876","0.048893720912489516","10.079891443252563","0.9313147373891268","FUNNYBIRDS","0.054426320393880206","0.9719044581149844","0.15466521661644098","0.8665253727231595","0.8645325397451719","efficientnet","15.531913757324219","60","0.13717625841535158","0.08708705271992064","0.9738585858585859","0.9719999999999999","0.5077488116428464","gradcam"
"0.972","0.9998775510204082","0.01173652708530426","0.07736578418656696","10.074337100982666","0.9308015532103507","FUNNYBIRDS","0.9070690790812175","0.9719044581149844","0.28210858748756545","0.7624725922607106","1.2371934706966081","efficientnet","15.531913757324219","60","0.2371740862448852","0.056516873935047424","0.9738585858585859","0.9719999999999999","0.40114947732848427","lime"
"0.972","0.9998775510204082","0.00885152816772461","0.20398896264082808","10.52399295171102","0.9723467546536545","FUNNYBIRDS","14.122278642654418","0.9719044581149844","0.3184891495037156","0.6169642615135351","0.8634127964576085","efficientnet","15.531913757324219","60","0.11568583629991178","0.0596932936598764","0.9738585858585859","0.9719999999999999","0.7543981250789431","shap"
"0.966","0.9997877551020409","0.0024895668029785156","0.06125098547849749","10.565523131688435","0.9761838662810105","FUNNYBIRDS","0.027238972981770835","0.9660154932786511","0.12102281890249943","0.7805374989040399","0.3937981891135375","resnet18","42.73285675048828","60","0.10330073859206873","0.07876198469011468","0.9691363636363636","0.966","0.9258562780088847","gradcam"
"0.966","0.9997877551020409","0.0038173794746398926","0.07598992904554817","8.357390920321146","0.7721671779935002","FUNNYBIRDS","0.9131212671597798","0.9660154932786511","0.329148715484228","0.45352607204458006","2.0166790982087455","resnet18","42.73285675048828","60","0.2918475455588656","0.014465552758068208","0.9691363636363636","0.966","0.17067572853920862","lime"
"0.966","0.9997877551020409","0.002407252788543701","0.2597912057170469","10.393930355707804","0.9603298382887501","FUNNYBIRDS","9.47060468196869","0.9660154932786511","0.1130992176695485","0.6579551757861742","0.6568889960646629","resnet18","42.73285675048828","60","0.031028872476242985","0.08626306553749903","0.9691363636363636","0.966","0.8648745569917893","shap"
"0.964","0.9999142857142858","0.23502667248249054","0.0919572238752829","9.256189727783203","0.8552101928959586","FUNNYBIRDS","0.15562920570373534","0.9638554139359091","0.0679822269046371","0.8308575954072661","0.5856823672850927","simplecnn","1.5343704223632812","60","0.033476685405022175","0.09765646855369904","0.968952380952381","0.964","0.8610104249583351","gradcam"
"0.964","0.9999142857142858","0.0017564892768859863","0.06928867526258234","9.264707803726196","0.8559972062982923","FUNNYBIRDS","0.8864032467206319","0.9638554139359091","0.2107520211799469","0.572828285035868","1.5082278867562613","simplecnn","1.5343704223632812","60","0.23257085841397557","0.031213600874850582","0.968952380952381","0.964","0.48930010352180237","lime"
"0.964","0.9999142857142858","0.0011091530323028564","0.1787734289565372","10.083032846450806","0.9316049820917683","FUNNYBIRDS","6.933449335892996","0.9638554139359091","0.08041380972689015","0.7867136478858072","0.41420856714248655","simplecnn","1.5343704223632812","60","0.0344497902733909","0.10771725032425421","0.968952380952381","0.964","0.941256422135565","shap"
